ContactID,PatientID,Address,Phone,Email
"CON-1","PAT-1001","9101 Main St","555-109-1443","patient.1001@example.com"
"CON-2","PAT-1002","8994 Main St","555-307-8302","patient.1002@example.com"
"CON-3","PAT-1003","7075 Main St","555-446-9524","patient.1003@example.com"
"CON-4","PAT-1004","2057 Main St","555-941-7504","patient.1004@example.com"
"CON-5","PAT-1005","1206 Main St","555-503-6067","patient.1005@example.com"
"CON-6","PAT-1006","4347 Main St","555-914-2972","patient.1006@example.com"
"CON-7","PAT-1007","8340 Main St","555-387-4387","patient.1007@example.com"
"CON-8","PAT-1008","1255 Main St","555-560-1522","patient.1008@example.com"
"CON-9","PAT-1009","1254 Main St","555-586-3118","patient.1009@example.com"
"CON-10","PAT-1010","4401 Main St","555-660-3025","patient.1010@example.com"
"CON-11","PAT-1011","3207 Main St","555-698-7570","patient.1011@example.com"
"CON-12","PAT-1012","1006 Main St","555-807-8792","patient.1012@example.com"
"CON-13","PAT-1013","9649 Main St","555-648-3332","patient.1013@example.com"
"CON-14","PAT-1014","8074 Main St","555-397-3239","patient.1014@example.com"
"CON-15","PAT-1015","2861 Main St","555-578-1108","patient.1015@example.com"
"CON-16","PAT-1016","9403 Main St","555-388-9189","patient.1016@example.com"
"CON-17","PAT-1017","6116 Main St","555-222-2503","patient.1017@example.com"
"CON-18","PAT-1018","1898 Main St","555-152-2833","patient.1018@example.com"
"CON-19","PAT-1019","2996 Main St","555-293-7405","patient.1019@example.com"
"CON-20","PAT-1020","1307 Main St","555-178-3995","patient.1020@example.com"
"CON-21","PAT-1021","974 Main St","555-258-7018","patient.1021@example.com"
"CON-22","PAT-1022","5550 Main St","555-158-3918","patient.1022@example.com"
"CON-23","PAT-1023","7555 Main St","555-462-6723","patient.1023@example.com"
"CON-24","PAT-1024","8207 Main St","555-879-7512","patient.1024@example.com"
"CON-25","PAT-1025","8076 Main St","555-816-8947","patient.1025@example.com"
"CON-26","PAT-1026","2626 Main St","555-415-4543","patient.1026@example.com"
"CON-27","PAT-1027","8262 Main St","555-363-6406","patient.1027@example.com"
"CON-28","PAT-1028","5999 Main St","555-257-6127","patient.1028@example.com"
"CON-29","PAT-1029","2107 Main St","555-623-1025","patient.1029@example.com"
"CON-30","PAT-1030","2375 Main St","555-440-9888","patient.1030@example.com"
"CON-31","PAT-1031","3062 Main St","555-882-1570","patient.1031@example.com"
"CON-32","PAT-1032","8420 Main St","555-866-1028","patient.1032@example.com"
"CON-33","PAT-1033","5794 Main St","555-594-3643","patient.1033@example.com"
"CON-34","PAT-1034","6391 Main St","555-793-2364","patient.1034@example.com"
"CON-35","PAT-1035","7197 Main St","555-244-6314","patient.1035@example.com"
"CON-36","PAT-1036","5193 Main St","555-697-4559","patient.1036@example.com"
"CON-37","PAT-1037","5665 Main St","555-687-2467","patient.1037@example.com"
"CON-38","PAT-1038","3635 Main St","555-862-6455","patient.1038@example.com"
"CON-39","PAT-1039","3974 Main St","555-437-3151","patient.1039@example.com"
"CON-40","PAT-1040","1449 Main St","555-238-1698","patient.1040@example.com"
"CON-41","PAT-1041","2936 Main St","555-208-3260","patient.1041@example.com"
"CON-42","PAT-1042","9847 Main St","555-307-5233","patient.1042@example.com"
"CON-43","PAT-1043","3654 Main St","555-802-7769","patient.1043@example.com"
"CON-44","PAT-1044","3053 Main St","555-159-7674","patient.1044@example.com"
"CON-45","PAT-1045","1642 Main St","555-597-7953","patient.1045@example.com"
"CON-46","PAT-1046","294 Main St","555-496-3137","patient.1046@example.com"
"CON-47","PAT-1047","6161 Main St","555-458-7389","patient.1047@example.com"
"CON-48","PAT-1048","885 Main St","555-811-5229","patient.1048@example.com"
"CON-49","PAT-1049","628 Main St","555-770-6698","patient.1049@example.com"
"CON-50","PAT-1050","2109 Main St","555-746-3491","patient.1050@example.com"
"CON-51","PAT-1051","7899 Main St","555-920-9714","patient.1051@example.com"
"CON-52","PAT-1052","191 Main St","555-793-1306","patient.1052@example.com"
"CON-53","PAT-1053","2291 Main St","555-133-4103","patient.1053@example.com"
"CON-54","PAT-1054","6007 Main St","555-179-5050","patient.1054@example.com"
"CON-55","PAT-1055","7063 Main St","555-343-9325","patient.1055@example.com"
"CON-56","PAT-1056","5279 Main St","555-123-9581","patient.1056@example.com"
"CON-57","PAT-1057","2658 Main St","555-984-2907","patient.1057@example.com"
"CON-58","PAT-1058","2922 Main St","555-550-6060","patient.1058@example.com"
"CON-59","PAT-1059","1137 Main St","555-796-5804","patient.1059@example.com"
"CON-60","PAT-1060","4036 Main St","555-282-9898","patient.1060@example.com"
"CON-61","PAT-1061","7141 Main St","555-469-8213","patient.1061@example.com"
"CON-62","PAT-1062","5505 Main St","555-984-9513","patient.1062@example.com"
"CON-63","PAT-1063","9159 Main St","555-556-4797","patient.1063@example.com"
"CON-64","PAT-1064","5613 Main St","555-530-5110","patient.1064@example.com"
"CON-65","PAT-1065","4935 Main St","555-984-9501","patient.1065@example.com"
"CON-66","PAT-1066","3013 Main St","555-859-6097","patient.1066@example.com"
"CON-67","PAT-1067","9958 Main St","555-181-8476","patient.1067@example.com"
"CON-68","PAT-1068","8792 Main St","555-292-2520","patient.1068@example.com"
"CON-69","PAT-1069","1574 Main St","555-119-6777","patient.1069@example.com"
"CON-70","PAT-1070","3750 Main St","555-759-6706","patient.1070@example.com"
"CON-71","PAT-1071","353 Main St","555-610-8598","patient.1071@example.com"
"CON-72","PAT-1072","5056 Main St","555-169-7639","patient.1072@example.com"
"CON-73","PAT-1073","4349 Main St","555-756-7151","patient.1073@example.com"
"CON-74","PAT-1074","3456 Main St","555-624-7109","patient.1074@example.com"
"CON-75","PAT-1075","432 Main St","555-699-1376","patient.1075@example.com"
"CON-76","PAT-1076","9524 Main St","555-982-8675","patient.1076@example.com"
"CON-77","PAT-1077","2243 Main St","555-947-1461","patient.1077@example.com"
"CON-78","PAT-1078","518 Main St","555-609-2055","patient.1078@example.com"
"CON-79","PAT-1079","8412 Main St","555-934-4906","patient.1079@example.com"
"CON-80","PAT-1080","7852 Main St","555-399-7172","patient.1080@example.com"
"CON-81","PAT-1081","3142 Main St","555-328-6393","patient.1081@example.com"
"CON-82","PAT-1082","9079 Main St","555-683-4956","patient.1082@example.com"
"CON-83","PAT-1083","8343 Main St","555-194-4681","patient.1083@example.com"
"CON-84","PAT-1084","7893 Main St","555-703-5121","patient.1084@example.com"
"CON-85","PAT-1085","2214 Main St","555-967-7236","patient.1085@example.com"
"CON-86","PAT-1086","3257 Main St","555-827-1962","patient.1086@example.com"
"CON-87","PAT-1087","8477 Main St","555-795-4663","patient.1087@example.com"
"CON-88","PAT-1088","3899 Main St","555-500-2274","patient.1088@example.com"
"CON-89","PAT-1089","8473 Main St","555-836-3627","patient.1089@example.com"
"CON-90","PAT-1090","1091 Main St","555-558-6389","patient.1090@example.com"
"CON-91","PAT-1091","3013 Main St","555-972-3920","patient.1091@example.com"
"CON-92","PAT-1092","5703 Main St","555-753-8659","patient.1092@example.com"
"CON-93","PAT-1093","2684 Main St","555-374-4603","patient.1093@example.com"
"CON-94","PAT-1094","8162 Main St","555-108-4405","patient.1094@example.com"
"CON-95","PAT-1095","7423 Main St","555-238-9972","patient.1095@example.com"
"CON-96","PAT-1096","5149 Main St","555-294-9969","patient.1096@example.com"
"CON-97","PAT-1097","9742 Main St","555-188-5396","patient.1097@example.com"
"CON-98","PAT-1098","5047 Main St","555-438-1120","patient.1098@example.com"
"CON-99","PAT-1099","456 Main St","555-242-7237","patient.1099@example.com"
"CON-100","PAT-1100","7099 Main St","555-204-1299","patient.1100@example.com"